{"cameraMode":{"drawMode":0,"name":"Shaded","section":"Shading Mode"},"sceneLighting":false,"audioPlay":false,"sceneViewState":{"m_AlwaysRefresh":false,"showFog":true,"showSkybox":true,"showFlares":true,"showImageEffects":true,"showParticleSystems":true,"showVisualEffectGraphs":true,"m_FxEnabled":true},"in2DMode":false,"pivot":{"x":-11.504931449890137,"y":-7.500577926635742,"z":-24.162094116210939},"rotation":{"x":0.48326846957206728,"y":0.0010073898592963815,"z":-0.00016192019393201917,"w":0.8756270408630371},"size":12.024177551269532,"orthographic":false}