{"cameraMode":{"drawMode":0,"name":"Shaded","section":"Shading Mode"},"sceneLighting":false,"audioPlay":false,"sceneViewState":{"m_AlwaysRefresh":false,"showFog":true,"showSkybox":false,"showFlares":true,"showImageEffects":true,"showParticleSystems":true,"showVisualEffectGraphs":true,"m_FxEnabled":true},"in2DMode":false,"pivot":{"x":-11.282820701599121,"y":2.0839085578918459,"z":0.054087162017822269},"rotation":{"x":-0.0013916150201112033,"y":0.9434759616851807,"z":-0.33141881227493288,"w":-0.003961572889238596},"size":5.413644313812256,"orthographic":false}